                  epoch,         train/box_loss,         train/cls_loss,         train/dfl_loss,   metrics/precision(B),      metrics/recall(B),       metrics/mAP50(B),    metrics/mAP50-95(B),           val/box_loss,           val/cls_loss,           val/dfl_loss,                 lr/pg0,                 lr/pg1,                 lr/pg2
                      0,                 1.2281,                 2.1488,                 1.4719,                 0.8636,                0.26658,                0.33584,                 0.2106,                 1.1618,                 1.7542,                 1.5767,               0.070074,              0.0033251,              0.0033251
                      1,                 1.2072,                 1.5961,                 1.4643,                0.38586,                  0.396,                0.37686,                0.23159,                 1.2374,                 1.5215,                 1.6421,               0.038756,                0.00534,                0.00534
                      2,                 1.2516,                 1.5642,                  1.494,                0.36465,                 0.3872,                0.37252,                0.22158,                 1.3057,                 1.5594,                 1.6804,              0.0061175,               0.006035,               0.006035
                      3,                 1.2502,                 1.5085,                 1.4991,                0.54589,                0.48267,                0.51986,                0.31828,                 1.2819,                 1.4768,                 1.6416,                0.00406,                0.00406,                0.00406
                      4,                 1.2379,                 1.4384,                 1.4791,                0.55111,                0.37467,                0.44196,                 0.2967,                 1.1872,                 1.3237,                 1.5521,                0.00406,                0.00406,                0.00406
